<?xml version="1.0" encoding="UTF-8"?>
<component name="ForgotPassword" extends="Group" xsi:noNamespaceSchemaLocation="https://devtools.web.roku.com/schema/RokuSceneGraph.xsd">
	<script type="text/brightscript" uri="pkg:/source/Utility/FocusUtility.brs" />
	<script type="text/brightscript" uri = "pkg:/components/screens/ForgotPassword.brs"/>
	
	<interface>
		<field type="string" id="emailId" alwaysNotify="true" onChange = "showEmailId"/>
	</interface>
	
	
	<children>
	
	<Rectangle
    	id = "parentRectangle"
    	width="1920"
    	height = "1080"
    	translation = "[0,0]"
    	color = "0x2e86c100">
    	
    	<Rectangle
    		id = "welcomeRectangle"
    		width = "1920"
    		height = "150"
    		color = "0xf7dc6f00"
    		translation="[0.0,200]">
    		<Label
				id = "oopsLabel"
				text = "Oops!"
				width = "1920"
				horizAlign = "center"
				vertAlign = "center"
				visible = "false"></Label>
			<Label
				id = "errorLabel"
				text = "There was an error logging into your account.Please check your password and try again."
				width = "1920"
				horizAlign = "center"
				vertAlign = "center"
				font = "font:SmallBoldSystemFont"
				translation="[0.0,110]"
				visible="false"></Label>
			<Label
				id = "labelWelcome"
				text = "WELCOME"
				width = "1920"
				horizAlign = "center"
				vertAlign = "center"
				visible="true"></Label>
    	</Rectangle>
    	
    	<Rectangle
			id = "editTextRectangle"
			width = "500"
			height = "60">
			<Button
				id="passwordEditTextButton"
				height = "50"
			  	translation="[0,0]"
			  	textFont = "font:LargeSystemFont"
			  	iconUri=""
				focusedIconUri=""
				focusBitmapUri="pkg:/images/img_transparent"
				focusFootprintBitmapUri="pkg:/images/img_transparent"
				/>
			<Label
		  		id = "hintlabel"
		  		text = "Password"
		  		translation="[7,12]"
		  		horizAlign = "left"
				vertAlign = "center"
				color = "0x1c2833ff"/>
		</Rectangle>
		
		<Rectangle
			id = "resetPasswordButtonrectangle"
			width="350"
			height = "80"
			color="0xB4B4B1ff">
			
			<Button
				id="buttonResetPassword"
				height = "50"
			  	translation="[0,0]"
			  	textFont = "font:LargeSystemFont"
			  	iconUri=""
				focusedIconUri=""
				focusBitmapUri="pkg:/images/img_transparent"
				focusFootprintBitmapUri="pkg:/images/img_transparent"
				/>
			
			 <Label
				id = "resetPasswordLabel"
				text = "Reset Password"
				height = "80"
				width="350"
				horizAlign = "center"
				vertAlign="center"
				color = "0xffffffff">
			</Label> 
			
			<BusySpinner 
			      id = "exampleBusySpinner" 
			      visible = "false" />
		</Rectangle>
		<Keyboard
			id = "keyboard"
			translation = "[225,550]"
		    showTextEditBox = "true"
		    keyboardBitmapUri = ""
		    visible = "false"
		    focusedKeyColor = "0xff0000ff">
		</Keyboard>
    	</Rectangle>
	</children>
</component>
