<?xml version="1.0" encoding="UTF-8"?>
<component name="LoginScreen" extends="Group" xsi:noNamespaceSchemaLocation="https://devtools.web.roku.com/schema/RokuSceneGraph.xsd">
	<script type="text/brightscript" uri="pkg:/components/screens/LoginScreen.brs"/>
	
	<children>
	
	 <Video
	    id = "musicvideos"
	    width="0.0"
	  	height="0.0"
	  	translation="[0,0]"
	  	enableTrickPlay = "true"
	  	>
    </Video>
    
	<LayoutGroup
		id = "layoutGroup"
		layoutDirection = "vert"
		horizAlignment = "center"
		vertAlignment="center"
		translation="[960,440]"
		itemSpacings="[170,50]">
		
		<Label
			id = "labelWelcome"
			text = "WELCOME"
			horizAlign = "center"
			vertAlign = "center"
			>
		</Label>
	
	
		<Rectangle
			id = "rect"
			width = "500"
			height = "60">
			<Button
				id="editTextButton"
				height = "50"
			  	translation="[0,0]"
			  	textFont = "font:LargeSystemFont"
			  	iconUri=""
				focusedIconUri="pkg:/images/img_transparent"
				focusBitmapUri="pkg:/images/img_transparent"
				focusFootprintBitmapUri=""/>
			<Label
		  		id = "hintlabel"
		  		text = "Account Email"
		  		translation="[7,12]"
		  		horizAlign = "left"
				vertAlign = "center"
				color = "0xB4B4B1ff"/>
		</Rectangle>
		
	
		<Button
			id = "buttonNext"
			text = "Next"
			iconUri=""
			focusedIconUri=""
		    showFocusFootprint="true"/>
		 <CustomButtonLogin
		 	id = "loginButton"
		 	></CustomButtonLogin>
	
	</LayoutGroup>
	
	
	 <Keyboard
		id = "keyboard"
		translation = "[225,525]"
	    showTextEditBox = "true"
	    keyboardBitmapUri = ""
	    visible = "false"
	    focusedKeyColor = "0xff0000ff">
	</Keyboard>
	
	
	</children> 
</component>
