<?xml version="1.0" encoding="UTF-8"?>
<component name="SelectAccount" extends="Group" xsi:noNamespaceSchemaLocation="https://devtools.web.roku.com/schema/RokuSceneGraph.xsd">
	
	<script type="text/brightscript" uri = "pkg:/components/screens/SelectAccount.brs"/>
	
	<interface>
		<field id = "content" type = "nodearray" alwaysNotify="true" onChange = "showAccountsArray"/>
		<field id= "emailID" type="string"/>
	</interface> 
	<children>
	
	<Label
	id = "selectAccLabel"
	translation = "[0,300]"
	width = "1920"
	height = "100"
	text = "Select Account"
	color = "0xffffffff"
	horizAlign = "center"
	font = "font:LargeSystemFont"
	>
	</Label>
	
	<SelectAccountList
	id = "selectAccountList"
	translation = "[300,600]"></SelectAccountList>
	
	</children>
</component>
