<?xml version="1.0" encoding="UTF-8"?>
<component name="HomeScreen" extends="Group"
	xsi:noNamespaceSchemaLocation="https://devtools.web.roku.com/schema/RokuSceneGraph.xsd">
	<script type="text/brightscript" uri="pkg:/components/home/HomeScreen.brs" />
	<script type="text/brightscript" uri="pkg:/components/navigation/NavigationBar.brs" />
	<children>

		<Rectangle id="homeBackground" width="1960" height="1080"
			translation="[0,0]" color="0x383838FF">

			<NavigationBar id="NavigationBar" />

			<HomeRowList id="homeRowList" translation="[500,60]" />

		</Rectangle>

	</children>
</component>
