<?xml version="1.0" encoding="UTF-8"?>
<component name="NavigationBar" extends="Group"
	xsi:noNamespaceSchemaLocation="https://devtools.web.roku.com/schema/RokuSceneGraph.xsd">


	<children>

		<Rectangle id="navRectangle" color="0x880088FF" width="200"
			height="1080" translation="[0,0]">

			<ButtonGroup id="navButtonGroup" translation="[50,50]">

				<Button id="buttonHome" focusBitmapUri=""
					focusFootprintBitmapUri="" showFocusFootprint="false" focusable="true"
					iconUri="pkg:/images/$$RES$$/home.png" focusedIconUri="pkg:/images/$$RES$$/home_selected.png" />

				<Button id="buttonFavorite" focusBitmapUri=""
					focusFootprintBitmapUri="" showFocusFootprint="false" focusable="true"
					iconUri="pkg:/images/$$RES$$/home.png" focusedIconUri="pkg:/images/$$RES$$/home_selected.png" />

				<Button id="buttonSearch" focusBitmapUri=""
					focusFootprintBitmapUri="" showFocusFootprint="false" focusable="true"
					iconUri="pkg:/images/$$RES$$/home.png" focusedIconUri="pkg:/images/$$RES$$/home_selected.png" />

				<Button id="buttonProfile" focusBitmapUri=""
					focusFootprintBitmapUri="" showFocusFootprint="false" focusable="true"
					iconUri="pkg:/images/$$RES$$/home.png" focusedIconUri="pkg:/images/$$RES$$/home_selected.png" />

			</ButtonGroup>

		</Rectangle>

	</children>

</component>
