<?xml version="1.0" encoding="UTF-8"?>
<component name="FeatureMediaApiHandler" extends="Task" xsi:noNamespaceSchemaLocation="https://devtools.web.roku.com/schema/RokuSceneGraph.xsd">
<script type="text/brightscript" uri="pkg:/source/utility/Utility.brs" />
	<script type="text/brightscript" uri="pkg:/source/network/ApiConnection.brs" />
	<script type="text/brightscript"
		uri="pkg:/components/requestHandlers/homeDataRequestHandler/FeatureMediaApiHandler.brs" />

	<interface>
		<field id="uri" type="string" />
		<field id="content" type="node" />
		<field id="header" type="assocarray" />
		<field id="params" type="string" />
	</interface>

</component>
