<?xml version="1.0" encoding="UTF-8"?>
<component name="Home3xListItemLayout" extends="Group"
	xsi:noNamespaceSchemaLocation="https://devtools.web.roku.com/schema/RokuSceneGraph.xsd">
	<interface>
		<field id="itemContent" type="node" onChange="itemContentChanged" />
	</interface>
	<script type="text/brightscript"
		uri="pkg:/components/home/homeRowList/HomeRowListItemLayout.brs" />

	<children>
		<Rectangle id="rectangle" width="448" height="445">
			<Rectangle id="posterRect" height="253" width="448" color="0x565656FF">
				<Poster id="posterVod" height="253" width="448">

					<Rectangle id="rectNew" height="40" width="100"
						translation="[340,20]" color="0x565656FF" visible="false">
						<Label id="labelNew" height="40" width="100" translation="[5,3]"
							text="NEW" wrap="true" color="0xffffffff">
						</Label>
					</Rectangle>
				</Poster>
			</Rectangle>
			<Label id="labelDescription" width="520" translation="[20,275]"
				wrap="true" color="0x000000ff" font="font:SmallSystemFont" maxLines="2"
				ellipsizeOnBoundary="true">
			</Label>
			<Poster id="posterFav" uri="pkg:/images/img_fav_tag_alt.png"
				translation="[480,385]" visible="false">
			</Poster>
			<Rectangle id="rectTimer" height="50" width="170"
				translation="[20,385]" color="0x56565600" visible="false">
				<Poster id="posterTimer" uri="pkg:/images/$$RES$$/img_media_time_pill.png"
					translation="[7,7]">
				</Poster>
			</Rectangle>
			<Rectangle id="rectItemCount" height="50" width=""
				translation="[20,385]" color="0x565656FF" visible="false">
				<Label id="labelItemCount" height="40" 
					translation="[5,7]" text="12 Items" wrap="false" color="0xffffffff">
				</Label>
			</Rectangle>
		</Rectangle>
	</children>
</component>