<?xml version="1.0" encoding="UTF-8"?>
<component name="HomeRowListItemLayout" extends="Group"
	xsi:noNamespaceSchemaLocation="https://devtools.web.roku.com/schema/RokuSceneGraph.xsd">

	<interface>
		<field id="itemContent" type="node" onChange="itemContentChanged" />
	</interface>
	<script type="text/brightscript"
		uri="pkg:/components/home/homeRowList/HomeRowListItemLayout.brs" />

	<children>
		<Rectangle id="rectangle" width="548" height="500">
			<Poster id="posterVod" height="308" width="548"
				uri="pkg:/images/bg_login_hd.png">

				<Rectangle id="rectNew" height="40" width="100"
					translation="[440,20]" color="0x000000ff" visible="false">
					<Label id="labelNew" height="40" width="100" translation="[5,3]"
						text="NEW" wrap="true" color="0xffffffff" >
					</Label>
				</Rectangle>
			</Poster>
			<Label id="labelDescription" width="520" translation="[20,330]"
				wrap="true" color="0x000000ff" font="font:SmallSystemFont" maxLines="2"
				ellipsizeOnBoundary="true">
			</Label>
			<Poster id="posterFav" uri="pkg:/images/img_fav_tag_alt.png"
				translation="[480,440]" visible="false">
			</Poster>
			<Rectangle id="rectItemCount" height="40" width="170"
				translation="[20,440]" color="0x000000ff">
				<Label id="labelItemCount" height="40" width="170"
					translation="[5,3]" text="12 Items" wrap="true" color="0xffffffff">
				</Label>
			</Rectangle>
		</Rectangle>
	</children>
</component>
