<?xml version="1.0" encoding="UTF-8"?>
<component name="ForgotPassword" extends="Group" xsi:noNamespaceSchemaLocation="https://devtools.web.roku.com/schema/RokuSceneGraph.xsd">
		<script type="text/brightscript" uri="pkg:/source/constants/Constant.brs"/>
	<script type="text/brightscript" uri="pkg:/source/constants/Strings.brs" />
	<script type="text/brightscript" uri="pkg:/source/constants/Logger.brs"/>
	<script type="text/brightscript" uri="pkg:/source/utility/Utility.brs"/>
	<script type="text/brightscript" uri="pkg:/source/utility/RequestParamsUtility.brs"/>
	<script type="text/brightscript" uri="pkg:/source/network/ApiConnection.brs"/>
	<script type="text/brightscript" uri="pkg:/source/constants/Validation.brs"/>
	<script type="text/brightscript" uri="pkg:/source/Utility/FocusUtility.brs" />
	<script type="text/brightscript" uri = "pkg:/components/screens/ForgotPassword.brs"/>
	
	<interface>
		<field type="string" id="emailId" alwaysNotify="true" onChange = "showEmailId"/>
		<field id="account" type="node" alwaysNotify="true" onChange = "updateAccount"/>
	</interface>
	
	
	<children>
	
	<Rectangle
    	id = "parentRectangle"
    	width="1920"
    	height = "1080"
    	translation = "[0,0]"
    	color = "0x2e86c100">
    	
    	<Rectangle
    		id = "welcomeRectangle"
    		width = "1920"
    		height = "150"
    		color = "0xf7dc6f00"
    		translation="[0.0,200]">
    		<Label
				id = "oopsLabel"
				text = "Oops!"
				width = "1920"
				horizAlign = "center"
				vertAlign = "center"
				visible = "false"></Label>
			<Label
				id = "errorLabel"
				text = "Please enter a valid email and try again."
				width = "1920"
				horizAlign = "center"
				vertAlign = "center"
				font = "font:SmallBoldSystemFont"
				translation="[0.0,120]"
				visible="false"></Label>
			<Label
				id = "labelWelcome"
				text = "WELCOME"
				width = "1920"
				horizAlign = "center"
				vertAlign = "center"
				visible="true"></Label>
    	</Rectangle>
    	
    	<Rectangle
			id = "editTextRectangle"
			width = "600"
			height = "60">
			<Button
				id="passwordEditTextButton"
				height = "50"
			  	translation="[0,0]"
			  	textFont = "font:LargeSystemFont"
			  	iconUri=""
				focusedIconUri=""
				focusBitmapUri="pkg:/images/img_transparent"
				focusFootprintBitmapUri="pkg:/images/img_transparent"
				/>
			<Label
		  		id = "hintlabel"
		  		text = "Password"
		  		width = "600"
		  		ellipsizeOnBoundary="false"
		  		translation="[7,12]"
		  		horizAlign = "left"
				vertAlign = "center"
				color = "0x1c2833ff"/>
		</Rectangle>
		
		<Rectangle
			id = "resetPasswordButtonrectangle"
			width="350"
			height = "80"
			color="0xB4B4B1ff">
			
			<Button
				id="buttonResetPassword"
				height = "50"
			  	translation="[0,0]"
			  	textFont = "font:LargeSystemFont"
			  	iconUri=""
				focusedIconUri=""
				focusBitmapUri="pkg:/images/img_transparent"
				focusFootprintBitmapUri="pkg:/images/img_transparent"
				/>
			
			 <Label
				id = "resetPasswordLabel"
				text = "Reset Password"
				height = "80"
				width="350"
				horizAlign = "center"
				vertAlign="center"
				color = "0xffffffff">
			</Label> 
			
			<BusySpinner 
			      id = "exampleBusySpinner" 
			      visible = "false" />
		</Rectangle>
		<Rectangle   			
		 	id="keyboardTheme"   			
		 	color="#252222"   			
		 	width="1400"  			
		 	height="450"   			
		 	translation="[225,450]" 
		 	visible = "false">
				<Keyboard
					id = "keyboard"
					translation = "[0.0,0.0]"
				    showTextEditBox = "true"
				    keyboardBitmapUri = "pkg:/images/KeyboardTemplatebgfhd"
				    visible = "false"
				    focusedKeyColor = "0x000000ff">
				</Keyboard>
		</Rectangle>
    	</Rectangle>
	</children>
</component>
