<?xml version="1.0" encoding="UTF-8"?>
<component name="LoginScreen" extends="Group" xsi:noNamespaceSchemaLocation="https://devtools.web.roku.com/schema/RokuSceneGraph.xsd">
	<script type="text/brightscript" uri="pkg:/source/constants/Constant.brs"/>
	<script type="text/brightscript" uri="pkg:/source/constants/Logger.brs"/>
	<script type="text/brightscript" uri="pkg:/source/utility/Utility.brs"/>
	<script type="text/brightscript" uri="pkg:/source/network/ApiConnection.brs"/>
	<script type="text/brightscript" uri="pkg:/source/constants/Validation.brs"/>
	<script type="text/brightscript" uri="pkg:/components/requestHandlers/FetchMerchantApiHandler.brs" />
	<script type="text/brightscript" uri="pkg:/components/screens/LoginScreen.brs"/>
	
	<children>
	
	 <Video
	    id = "musicvideos"
	    width="0.0"
	  	height="0.0"
	  	translation="[0,0]"
	  	enableTrickPlay = "true"
	  	>
    </Video>
    
    <Rectangle
    	id = "parentRectangle"
    	width="1920"
    	height = "1080"
    	translation = "[0,0]"
    	color = "0x2e86c100">
    	
    	
    	<Rectangle
    		id = "welcomeRectangle"
    		width = "1920"
    		height = "150"
    		color = "0xf7dc6f00"
    		translation="[0.0,200]">
    		<Label
				id = "oopsLabel"
				text = "Oops!"
				width = "1920"
				horizAlign = "center"
				vertAlign = "center"
				visible = "false"></Label>
			<Label
				id = "errorLabel"
				text = "Please enter a valid email and try again."
				width = "1920"
				horizAlign = "center"
				vertAlign = "center"
				font = "font:MediumBoldSystemFont"
				translation="[0.0,110]"
				visible="false"></Label>
			<Label
				id = "labelWelcome"
				text = "WELCOME"
				width = "1920"
				horizAlign = "center"
				vertAlign = "center"
				visible="true"></Label>
    	</Rectangle>

		<Rectangle
			id = "editTextRectangle"
			width = "500"
			height = "60">
			<Button
				id="editTextButton"
				height = "50"
			  	translation="[0,0]"
			  	textFont = "font:LargeSystemFont"
			  	iconUri=""
				focusedIconUri="pkg:/images/img_transparent"
				focusBitmapUri="pkg:/images/img_transparent"
				focusFootprintBitmapUri=""/>
			<Label
		  		id = "hintlabel"
		  		text = "Account Email"
		  		translation="[7,12]"
		  		horizAlign = "left"
				vertAlign = "center"
				color = "0x1c2833ff"/>
		</Rectangle>
    
    	<Rectangle
			id = "nextButtonrectangle"
			width="170"
			height = "80"
			color="0xB4B4B1ff">
			
			<Button
				id="buttonNext"
				height = "50"
			  	translation="[0,0]"
			  	textFont = "font:LargeSystemFont"
			  	iconUri=""
				focusedIconUri="pkg:/images/img_transparent"
				focusBitmapUri="pkg:/images/img_transparent"
				focusFootprintBitmapUri=""/>
			
			 <Label
				id = "buttonTextLabel"
				text = "Next"
				height = "80"
				width="170"
				horizAlign = "center"
				vertAlign="center"
				color = "0xffffffff">
			</Label> 
			
			<BusySpinner 
			      id = "exampleBusySpinner" 
			      visible = "false" />
		</Rectangle>
		
		<Keyboard
			id = "keyboard"
			translation = "[225,570]"
		    showTextEditBox = "true"
		    keyboardBitmapUri = ""
		    visible = "false"
		    focusedKeyColor = "0xff0000ff">
		</Keyboard>
    </Rectangle>
	
	
	
	
	</children> 
</component>
