<?xml version="1.0" encoding="UTF-8"?>

<!--********** Copyright 2016 Roku Corp.  All Rights Reserved. **********-->

<component name="MainScene" extends="Scene" xmlns:xsi="http://www.w3.org/2001/XMLSchema-instance" xsi:noNamespaceSchemaLocation="https://devtools.web.roku.com/schema/RokuSceneGraph.xsd">
	<!-- importing main handler -->
	<script type="text/brightscript" uri="pkg:/source/utility/Utility.brs"/>
    <script type="text/brightscript" uri="pkg:/components/screens/MainScene.brs" />
    
    <interface>
    	<field type="nodearray" id="myContent"/>
    	<field type="node" id="appConfigContent"/>
    </interface>
    
    <children>
    
    <Rectangle id="homeBackground" width="1960" height="1080" color="0x000000FF"
			translation="[0,0]"/>
    </children>
</component>
