<?xml version="1.0" encoding="UTF-8"?>
<component name="SwitchAccount" extends="Group"
	xsi:noNamespaceSchemaLocation="https://devtools.web.roku.com/schema/RokuSceneGraph.xsd">
	<script type="text/brightscript" uri="pkg:/source/utility/Utility.brs" />
	<script type="text/brightscript" uri="pkg:/source/constants/Strings.brs" />
	<script type="text/brightscript" uri="pkg:/components/screens/SwitchAccount.brs" />
	<interface>
	<field type="bool" id="accountSelected" />
	</interface>

	<children>

		<Video id="musicvideos" width="0.0" height="0.0" translation="[0,0]">
		</Video>

		<Label id="switchAccountLabel" translation="[0,200]" width="1920"
			height="100" text="Switch Account" color="0xffffffff" horizAlign="center"
			font="font:LargeSystemFont">
		</Label>

		<SwitchAccountList id="switchAccountList"
			translation="[200,500]" />

	</children>
</component>
