<?xml version="1.0" encoding="UTF-8"?>
<component name="SelectAccountListItemsLayout" extends="Group" xsi:noNamespaceSchemaLocation="https://devtools.web.roku.com/schema/RokuSceneGraph.xsd">

<interface> 
  <field id="itemContent" type="node" onChange="itemContentChanged"/> 
</interface>

<script type="text/brightscript" uri="pkg:/components/SelectAccountList/SelectAccountListItemsLayout.brs" />

<children>

	<Rectangle
		id = "parentRectangle"
		height = "300"
		width = "300"
		color="0xFFFFFFFF">
		<Poster
			id = "posterBackground"
			width="0.0"
			height="0.0"
			loadDisplayMode = "scaleToFill">
		</Poster>
		<Label 
            id="accountNameLabel"  
            width = "300"
            translation = "[0.0,150]"
            horizAlign="center"
            color = "0x1c2833ff" 
            ellipsizeOnBoundary="false"  
            font="font:SmallSystemFont"/>
	</Rectangle>
	 <Label 
            id="countryTextLabel" 
            horizAlign="center"
            width = "300" 
            vertAlign = "bottom"
            translation="[0,320]"  
            ellipsizeOnBoundary ="false"
            font="font:SmallSystemFont"/>
 </children>

</component>
