<?xml version="1.0" encoding="UTF-8"?>
<component name="RegistryData" extends="Task"
	xsi:noNamespaceSchemaLocation="http://rokudev.roku.com/rokudev/schema/RokuSceneGraph.xsd">

	<script type="text/brightscript" uri="pkg:/components/RegistryData/RegistryData.brs" />
	<interface>

		<field id="selectedAccount" type="string" alwaysNotify="true"
			onChange="setSelectedAccount" />
		<field id="selectedAccountValue" type="string" alwaysNotify="true"
			onChange="getSelectedAccount" />
			
		<field id="authToken" type="string" alwaysNotify="true"
			onChange="setAuthToken" />
		<field id="authTokenValue" type="string" alwaysNotify="true"
			onChange="getAuthToken" />
			
		<field id="refreshToken" type="string" alwaysNotify="true"
			onChange="setRefreshToken" />
		<field id="refreshTokenValue" type="string" alwaysNotify="true"
			onChange="getRefreshToken" />
			
		<field id="isLogin" type="string" alwaysNotify="true"
			onChange="setLoginStatus" />
		<field id="isLoginValue" type="string" alwaysNotify="true"
			onChange="getLoginStatus" />
			
		<field id="selectedAccountThumb" type="string" alwaysNotify="true"
			onChange="setSelectedAccountThumb" />
		<field id="selectedAccountThumbValue" type="string" alwaysNotify="true"
			onChange="getSelectedAccountThumb" />
			
		<field id="selectedAccountName" type="string" alwaysNotify="true"
			onChange="setSelectedAccountName" />
		<field id="selectedAccountNameValue" type="string" alwaysNotify="true"
			onChange="getSelectedAccountName" />
			
		<field id="accounts" type="string" alwaysNotify="true"
			onChange="setAccounts" />
		<field id="accountsValue" type="string" alwaysNotify="true"
			onChange="getAccounts" />

		<field id="isHome" type="string" alwaysNotify="true"
			onChange="setIsHome" />
		<field id="isHomeValue" type="string" alwaysNotify="true"
			onChange="getIsHome" />

	</interface>
</component>
